id,학교,학년,대단원명,소단원명,created_at
,중학교,1,수와 연산,소인수분해,
,중학교,1,수와 연산,정수와 유리수,
,중학교,1,방정식,문자와식,
,중학교,1,방정식,일차방정식,
,중학교,1,그래프와 비례,좌표평면과 그래프,
,중학교,1,그래프와 비례,정비례와 반비례,
,중학교,1,기본도형,기본도형,
,중학교,1,기본도형,작도와 합동,
,중학교,1,평면도형,다각형,
,중학교,1,평면도형,원과 부채꼴,
,중학교,1,입체도형,다면체와 회전체,
,중학교,1,입체도형,입체도형의 겉넓이와 부피,
,중학교,1,통계,자료의 정리와 해석,
,중학교,2,유리수와 소수,유리수와 소수,
,중학교,2,식의 계산,단항식의 계산,
,중학교,2,식의 계산,다항식의 계산,
,중학교,2,부등식과 방정식,일차부등식,
,중학교,2,부등식과 방정식,연립일차방정식,
,중학교,2,함수,일차함수와 그래프,
,중학교,2,함수,일차함수와 일차방정식의 관계,
,중학교,2,도형의 성질,삼각형의 성질,
,중학교,2,도형의 성질,사각형의 성질,
,중학교,2,도형의 닮음,도형의 닮음,
,중학교,2,도형의 닮음,닮음의 응용,
,중학교,2,피타고라스 정리,피타고라스 정리,
,중학교,2,확률,경우의 수,
,중학교,2,확률,확률,
,중학교,3,제곱근과 실수,제곱근과 실수,
,중학교,3,제곱근과 실수,근호를 포함한 식의 계산,
,중학교,3,다항식의 곱셈과 인수분해,다항식의 곱셈,
,중학교,3,다항식의 곱셈과 인수분해,다항식의 인수분해,
,중학교,3,이차방정식,이차방정식,
,중학교,3,이차방정식,인수분해를 이용한 이차방정식의 풀이,
,중학교,3,이차방정식,이차방정식의 근의 공식,
,중학교,3,이차함수,이차함수,
,중학교,3,이차함수,이차함수의 기본형,
,중학교,3,이차함수,이차함수의 표준형,
,중학교,3,이차함수,이차함수의 일반형,
,중학교,3,삼각비,삼각비,
,중학교,3,삼각비,삼각비의 활용,
,중학교,3,원의 성질,원과 직선,
,중학교,3,원의 성질,원주각,
,중학교,3,통계,대푯값과 산포도,
,중학교,3,통계,상관관계,
,고등학교,1,다항식,다항식의 연산,
,고등학교,1,다항식,나머지정리,
,고등학교,1,다항식,인수분해,
,고등학교,1,방정식과 부등식,복소수와 이차방정식,
,고등학교,1,방정식과 부등식,이차방정식과 이차함수,
,고등학교,1,방정식과 부등식,여러가지 방정식과 부등식,
,고등학교,1,경우의수,합의 법칙과 곱의 법칙,
,고등학교,1,경우의수,순열과 조합,
,고등학교,1,행렬,행렬과 그 연산,
,고등학교,1,도형의 방정식,평면좌표,
,고등학교,1,도형의 방정식,직선의 방정식,
,고등학교,1,도형의 방정식,원의 방정식,
,고등학교,1,도형의 방정식,도형의 이동,
,고등학교,1,집합과 명제,집합,
,고등학교,1,집합과 명제,명제,
,고등학교,1,함수와 그래프,함수,
,고등학교,1,함수와 그래프,유리함수,
,고등학교,1,함수와 그래프,무리함수,
,고등학교,2,지수함수와 로그함수,지수와 로그,
,고등학교,2,지수함수와 로그함수,지수함수와 로그함수,
,고등학교,2,삼각함수,삼각함수,
,고등학교,2,삼각함수,사인법칙과 코사인법칙,
,고등학교,2,수열,등차수열과 등비수열,
,고등학교,2,수열,수열의 합,
,고등학교,2,수열,수학적 귀납법,
,고등학교,2,함수의 극한과 연속,함수의 극한,
,고등학교,2,함수의 극한과 연속,함수의 연속,
,고등학교,2,미분,미분계수,
,고등학교,2,미분,도함수,
,고등학교,2,미분,도함수의 활용,
,고등학교,2,적분,부정적분,
,고등학교,2,적분,정적분,
,고등학교,2,적분,정적분의 활용,
,고등학교,3,경우의 수 ,순열과 조합,
,고등학교,3,경우의 수 ,이항정리,
,고등학교,3,확률,확률의 개념과 활용,
,고등학교,3,확률,조건부확률,
,고등학교,3,통계,확률분포,
,고등학교,3,통계,통계적 추정,
